<?xml version="1.0" encoding="UTF-8"?>
<beans xmlns="http://www.springframework.org/schema/beans"
	xmlns:xsi="http://www.w3.org/2001/XMLSchema-instance"
	xsi:schemaLocation="http://www.springframework.org/schema/beans http://www.springframework.org/schema/beans/spring-beans.xsd">

	<!-- Root Context: defines shared resources visible to all other web components -->
	<bean name="logindao" class="com.smatphones.safetyfirst.DAO.LoginDAO"></bean>
	<bean name="studentdao" class="com.smatphones.safetyfirst.DAO.StudentDAO"></bean>
	<bean name="vehicledao" class="com.smatphones.safetyfirst.DAO.VehicleDAO"></bean>	
	<bean name="admindao" class="com.smatphones.safetyfirst.DAO.AdminDAO"></bean>
	<bean name="scheduledao" class="com.smatphones.safetyfirst.DAO.ScheduleDAO"></bean>
	
</beans>
