<?xml version="1.0" encoding="UTF-8"?>
<!DOCTYPE hibernate-configuration PUBLIC
		"-//Hibernate/Hibernate Configuration DTD 3.0//EN"
		"http://www.hibernate.org/dtd/hibernate-configuration-3.0.dtd">
<hibernate-configuration>
    <session-factory>
        <property name="hibernate.connection.driver_class">com.mysql.jdbc.Driver</property>
        <property name="hibernate.connection.password">root</property>
        <property name="hibernate.connection.url">jdbc:mysql://localhost:3306/safetyfirstSmartphones</property>
        <property name="hibernate.connection.username">root</property>
        <property name="hibernate.dialect">org.hibernate.dialect.MySQLDialect</property>
        <property name="hibernate.connection.isolation">2</property>
        <property name="hibernate.hbm2ddl.auto">update</property>
        <property name="show_sql">false</property>
        

        <mapping class="com.smatphones.safetyfirst.POJO.Login" />
        <mapping class="com.smatphones.safetyfirst.POJO.Student" />
        <mapping class="com.smatphones.safetyfirst.POJO.Booking" />
        <mapping class="com.smatphones.safetyfirst.POJO.Vehicle" />
        <mapping class="com.smatphones.safetyfirst.POJO.Schedule" />
        <mapping class="com.smatphones.safetyfirst.POJO.Admin" />
        
        
    </session-factory>
</hibernate-configuration>
